{
  "c:03e40fce9c32435aad75d38421d8eeeec48c20a2": 1781788843.8168604,
  "c:08653deddf71721bfa9997a70642d38cfd249915": 1781789356.603877,
  "c:094d6d05ea6455f26c5c802021e428c3127a3ec7": 1781789356.6039677,
  "c:1bac1e35deee11fcf8d88567d2e7ab3c8fb18d4b": 1781789356.6039734,
  "c:1eec56247feb2b36aaf2fb1e3609c61b9aa18cca": 1781789356.6037679,
  "c:3b025ca101bf713f43cb6f4db1c663ac2fe06f36": 1781788843.816885,
  "c:40ea8460c70936a87eba9dbbcccca76b8455e9b0": 1781789356.6038935,
  "c:424a18ae8202f9645f3e313567352d9da86c7f6d": 1781789356.603914,
  "c:44e3feba181392b4811a462833299e43868bdc28": 1781789356.6038015,
  "c:461974b0b54be575a258ab9cc3642ecd7ea71a64": 1781789356.6039424,
  "c:474cfd3d06754dcfb54ced75ac980fb711746c8d": 1781789356.6038353,
  "c:4ae5a1879368baea1a42f344c3f1b41e52782caf": 1781788843.816899,
  "c:4e84ff514d21b8d84eb8f01fab43ee2c0f39d639": 1781789356.604004,
  "c:4fa60130bfb868b3e0b739936a9eee7e578d5f53": 1781789356.6037598,
  "c:50bc2492faf738a4d683fbe2592f0aed18ff8346": 1781788843.8168921,
  "c:51b8d16b1c33d093390dfefaa54d2c3604e2e38f": 1781789356.603962,
  "c:52988b02d2f869c405b9006b3239a1dc5ba58f76": 1781789356.6039283,
  "c:5d052bb6e7bef914d08851650434145fc89ba5f9": 1781789356.6039,
  "c:66cc47d22e793380d12d8a4ef1a662d42b81e952": 1781789356.6039488,
  "c:6ea50b98886f8e977ed46d6fe13e8701cd75abfb": 1781789356.6038296,
  "c:7e14287f6284c2de02a22a2479a888a01367fc0e": 1781789356.6038227,
  "c:80ce79f6e01b5ae0c36c10892f3577b3c50d2898": 1781788843.816872,
  "c:948218397d1f80b1b9efc367d046898421cef356": 1781789356.6038644,
  "c:95fff9ad4a77a67082af6d612562e054cddc7474": 1781789356.603732,
  "c:98391ec83538964b8a25264b155aca8d07924e3c": 1781788843.8168776,
  "c:98641c27358a266574a57e62cbcc6ec5e6702a51": 1781789356.6039221,
  "c:98b98627f29570a688e708c6d5c40009c46ab8f3": 1781789356.6037917,
  "c:a9dfcac92d45f58975bbda97083a3b738cd0f2f4": 1781789356.6039357,
  "c:b18418b1219e80a1b4a8c45dda5b466cf718e283": 1781789356.6038706,
  "c:b8564cdc63ad971d8f1a3080d9eadef7eb5bbb8c": 1781789356.6037805,
  "c:c10e0d2028196ed4b5787301e9516b5da45f8404": 1781789356.603857,
  "c:c4820691d85b6196c3998137dc8c51c851021bd9": 1781789356.603747,
  "c:c7e2a02f10a33aa46793584826a9a44454aad32d": 1781789356.6040103,
  "c:c82dee5eb72c47bff46c87aed40f991bfab3cc30": 1781789356.6038432,
  "c:d2250a007a714b8030cc3e283191ad2247ffd0bf": 1781789356.6038496,
  "c:d813a2e60e22881be4ea1c1d4753d2812235fff3": 1781789356.6039555,
  "c:f7be51a8ae3bb34ced691a90c1c515043111e12a": 1781789356.6039069,
  "c:f9ad431ea9da629d17ae30f5f49d88985f58df43": 1781789356.6039982,
  "c:fa96aa7ec1e91b83005222cde06d62a6c36284db": 1781789356.6039803,
  "c:fc030cb5e41816aa364f4522aa319e087ac00c56": 1781789356.6038163,
  "c:fc8bf2a0b3dec23ce3d454cc104752697444cfa4": 1781789356.6038835,
  "u:0177e56e5e2b10db8ca00a8eae1d286f0a5d64aa": 1781789356.603804,
  "u:02760cc9f1b3e0812628468e6daff4455b5262e3": 1781789356.6039238,
  "u:027dca084b110c019204f605f2549f948bfc21f1": 1781789356.6038952,
  "u:06f01290407fa00d1358580c83c70e2a69ee42bf": 1781789356.6039155,
  "u:0727006db42a46ec0b7012a591ecb464194553a8": 1781789356.6038244,
  "u:0a59858b35f00bd28e5abf31f4e41fa60416a458": 1781789356.6039374,
  "u:0f89157ae78eb784a8ebb035161d005991fe7a3a": 1781789356.6039815,
  "u:153e62e8196a2e173b1e86100d1bdf7ac40f3da3": 1781789356.6037698,
  "u:16dc68bbce69680d5f35888e1422dc3e01197a2a": 1781788843.8168378,
  "u:2b098001bf3b9e0329567d8166a926cd80ab8264": 1781789356.6038313,
  "u:3cfb89e7222ec10b25332d3edb4b29180ee51920": 1781789356.6039503,
  "u:448bc4edfd1a491950c6c3be3aab17b3823ec865": 1781789356.6038733,
  "u:4bd6aa2a553cc6baaea3ef0f86f4ec5beab57a58": 1781789356.603763,
  "u:4bf7b825f0839cc401dbe977a09b933761ae8903": 1781789356.603818,
  "u:4ce0116ff34660089f1b7e7a88456b686fd933e1": 1781789356.6039011,
  "u:5401ae8212f755d050bacdcb75713bfce7f2ef14": 1781789356.6039748,
  "u:54a68dcbab5d11f621c52538ce1fc781a469003f": 1781789356.6037495,
  "u:6555a541dd48a23006cd2a02e2114c433d2e8432": 1781788843.8168638,
  "u:67f7ef43c96f0660be99f0fa86c62b090b4729eb": 1781789356.6039085,
  "u:6d44e1521387c1f02006f262818c57a1e784f646": 1781789356.6038518,
  "u:7f1ea4ecd2b7b10e0216807358b71a8b461ce43c": 1781789356.603879,
  "u:7f88962f923f7ef6454cb7352c3ee0cdfd5e8239": 1781789356.603859,
  "u:9541e7c3dd0598c391fd4c7d64b3817e40b280f1": 1781788843.816887,
  "u:98816e034d22130b98da71cd1962e2a21c5dd6a7": 1781789356.6040058,
  "u:b2be3eb75f281e40289574035af9b10e596aee3a": 1781789356.6039999,
  "u:b2cfd1319db0fa7c9bc737ca58e2390de4a73eab": 1781789356.6036983,
  "u:bc7a6b2cbacf457d4b4326b6e50eae015d9de138": 1781789356.6037838,
  "u:c002835e19ca5c9a7c1c782f702a21e581c995c3": 1781789356.6038373,
  "u:cc41f38eb12acb1f08701e8d480a178d92948196": 1781789356.6038854,
  "u:ce54621912efb34bff2f95adbf9f70a2c4424571": 1781789356.603794,
  "u:f02032ed63626609686cf2bc2dabbd46e1ed07a4": 1781789356.6038659,
  "u:f1a642708a4798e4862bfb8f8dbacf4616adc1f2": 1781789356.6039574,
  "u:f454e650e5d71329a3d97b4094ac359df2a487d3": 1781788843.81688,
  "u:f6a2b1328c91ef9c4e49d70b50be83f487d3ac51": 1781789356.6037366,
  "u:fcbb672adb90c382b6f1a49ada0623171c4876d4": 1781789356.6038454,
  "u:ffb94f0d68dd96a711c8deb991a540cccb775ac9": 1781788843.8168936
}