{
  "c:0385b144f14a5d5992e097771b888fca6ac43b64": 1781820925.8770406,
  "c:236737242a6ad86ba1d0c22edc03bb21615dc652": 1781820925.877139,
  "c:5ee2b1063fe25f5e22c4c8de49e50722b5027ca8": 1781807284.398096,
  "c:82a085fff0ff060441ca1d6a36db22c916ee11b0": 1781807284.3982615,
  "c:834d81b8cd8a048e364da1aaf8bf148ea385bac5": 1781807284.3981545,
  "c:85ee259263f0402dd79e483a3731fb0d093c0637": 1781807284.3981953,
  "c:88c805093056bea3a82edf8e8bb1ff9b518f59cb": 1781807284.3982317,
  "c:95be44a2b4945220dc57eaa728f5a57359732853": 1781807284.3979397,
  "c:972bf2b0a34f95c19d349024faccb64be8dcb605": 1781820925.877129,
  "c:98b3cea082fc92fc73f97200bd36917f2a8f076c": 1781807284.3984559,
  "c:af74421921469dcaea1b6bec36d55ba775cc1da0": 1781807284.3980324,
  "c:af77ad8d9cf495077aa8b50284e741091de702d0": 1781807284.3983529,
  "c:bafe7bb95d60955062ac12d6ece41880c861e0af": 1781807284.3983247,
  "c:da7e296328f67d032795b2fba10301a61e688432": 1781879808.4385586,
  "c:e25409cd73b29aad83f84dd5ebe83cb6a9851128": 1781807284.398291,
  "c:e85a550cce0a916ad937a9c93a4506b5521e6294": 1781807284.3984666,
  "c:f55ef5be3019d86293c331a61b2952f588660d9b": 1781807284.3984134,
  "c:fb172323d5fcfa97c64131c8938a6027fe5b0ecc": 1781807284.3983815,
  "c:feb5d4be57f69b6454114dcdc546bd3e6e90eddb": 1781807284.398424,
  "u:0177e56e5e2b10db8ca00a8eae1d286f0a5d64aa": 1781807284.3982184,
  "u:0727006db42a46ec0b7012a591ecb464194553a8": 1781807284.3983743,
  "u:0a59858b35f00bd28e5abf31f4e41fa60416a458": 1781807284.3984041,
  "u:0e657cb29d46fa809ce20a952a4e74694d58819a": 1781807284.398283,
  "u:153e62e8196a2e173b1e86100d1bdf7ac40f3da3": 1781807284.3982549,
  "u:16dc68bbce69680d5f35888e1422dc3e01197a2a": 1781807284.397908,
  "u:2969dbe82a7b4a7e020ca655a083c3383d5a6f48": 1781807284.3984575,
  "u:2b098001bf3b9e0329567d8166a926cd80ab8264": 1781807284.3983462,
  "u:2c51850e099def3a480d773d15ec6b09201af5bd": 1781807284.398449,
  "u:35c79688ca0110689e5ce8a537a0f8035e1b8cc8": 1781807284.398312,
  "u:3cfb89e7222ec10b25332d3edb4b29180ee51920": 1781807284.3984153,
  "u:4bd6aa2a553cc6baaea3ef0f86f4ec5beab57a58": 1781807284.398142,
  "u:4bf7b825f0839cc401dbe977a09b933761ae8903": 1781807284.3981886,
  "u:54a68dcbab5d11f621c52538ce1fc781a469003f": 1781879808.4385147,
  "u:a6e3654c570cd8ba96da851746bf7b768cae959c": 1781820925.877132,
  "u:b2be3eb75f281e40289574035af9b10e596aee3a": 1781820925.8771183,
  "u:b2cfd1319db0fa7c9bc737ca58e2390de4a73eab": 1781807284.398016,
  "u:c002835e19ca5c9a7c1c782f702a21e581c995c3": 1781820925.8770044,
  "u:f6a2b1328c91ef9c4e49d70b50be83f487d3ac51": 1781807284.398081
}