{
  "c:01ac1fb96f409bf2e71a07d37a1bfbfcb6a9f3cb": 1782907619.2660418,
  "c:0385b144f14a5d5992e097771b888fca6ac43b64": 1781880601.0354824,
  "c:03e0635d81be3f2e881299ee5144b260c52092d3": 1782907619.2663002,
  "c:06ed6e1a8ab37773e0b8223457e3f2bd19954812": 1783425916.3406482,
  "c:0bb626d51113c6a42dbbb62e77039251aef901f2": 1783685057.4058607,
  "c:0c999ea9643f90a27c60725395b529f83f879bcb": 1782302601.5687783,
  "c:0e86d5d927f4c77cd1ee6159266037486576a924": 1783166629.410194,
  "c:107cb3f0825b6114c5250a54bd2f47224ea492d6": 1782907619.2663505,
  "c:14ed4cd012b9cd6c2c57de50a4b534ad656c0083": 1782907619.266214,
  "c:1627b16a25f61f8560baec146796f028b29fb7a6": 1782907619.266167,
  "c:16bee614ca2c99cadfa522150d21b8112843f1f1": 1782907619.2659914,
  "c:1b176f40f1bb6b91fd77ccdcec95f0236818ea18": 1783425916.3407297,
  "c:1d15b275bb971fade3aec34a680af5e1a29bac3b": 1782907619.266245,
  "c:1e9443a5a437519bcebfa89a2aab755c0fe74daf": 1783598910.5723968,
  "c:1f3b863e32831cc302fe842d596498b622436cdf": 1782993885.6503644,
  "c:1f64f0b931ba114a9f214557c0213432da09bba6": 1783080220.2892396,
  "c:236737242a6ad86ba1d0c22edc03bb21615dc652": 1781880601.0355375,
  "c:256bcd049c5d955ef34dd74eae0c760ead436c54": 1783425916.3405724,
  "c:268e68875f39cc9698f3d86c4daa06154c29fcd4": 1783771440.6105518,
  "c:26e84a1b3a1b6545efb48721a0e5866257573357": 1782907619.2663584,
  "c:276df1129d2ad6cdfc157ceb66a098d3c7fb4397": 1782475340.44237,
  "c:2a54cd116bbc7794b252e8f463e4ba67f5c020e2": 1783253056.1494873,
  "c:310b3294f8a36a9afba3b9247e12decbcd6ab62b": 1782907619.2661326,
  "c:32144db5dcb60090158f56b9a9d805a463859178": 1783080220.2891672,
  "c:366745bcd8fa15324c00100ef216268161b08e59": 1782820971.4846752,
  "c:36a24ba2a239efabd8feff8e6e8d4de534122f67": 1782907619.2658713,
  "c:3fc7703ede1119851d0611e5b6bf96fa6e751337": 1782907619.2661898,
  "c:40b9bf0a7b04945b8359db7e079f034bbfe9958d": 1782993885.6502018,
  "c:41d1e09270feb2e7124279c8c4ea24aeab9c6a5c": 1782907619.2662692,
  "c:42567ca3d96a0556a1ac29cd9237de7dc36ff06a": 1782302601.5687602,
  "c:43eba2ebc7e1d8c3ecc8f91ead0a52b9df456723": 1782129687.5994003,
  "c:51049153f1fd7faa6bb4387f04f17f44d53f08dc": 1782302601.5687344,
  "c:51c044ce502446f6bcf25284b222e655691a1015": 1782993885.650377,
  "c:558188c214d7c97a78578f2c2480367c25bb86b2": 1782302601.5687132,
  "c:572acbd104f8d89f63ea8ba80bbfe9245936b7fa": 1782475340.4422767,
  "c:5769f331a17f4e75ed6505efd837619181003743": 1781883498.763492,
  "c:59752b11475fa270284b5de3af3a08fde9dda5a5": 1782129687.5992744,
  "c:5e37631cc2af0dfdc0032ebfdf2b445c3cfdf15d": 1782907619.2663088,
  "c:5ee2b1063fe25f5e22c4c8de49e50722b5027ca8": 1781880601.0352683,
  "c:6843c0f3f19c2c331fd4111b3941ff4055ef21d5": 1782907619.266319,
  "c:690653b36f65316cb1c18dca5e68721afb679ca8": 1782907619.2662928,
  "c:6eda7b98696c224dbe50627f8c4f4494a4e4dab7": 1782907619.2658877,
  "c:71dc4f232154cad29728ee4f424efcc5ffed9ac2": 1783425916.3407645,
  "c:7223681f10dfe049712aa788a1b00f7bec7262f1": 1782216112.834127,
  "c:78764ac7c81b0ea3f437607000e27ce3a92c91de": 1782907619.2663426,
  "c:818eaac2f7b8e54be1db498626e559146f4befa4": 1782216112.8340018,
  "c:8200b811da25fc839dafd0a47df6ab7ce11fc910": 1782302601.5687468,
  "c:82a085fff0ff060441ca1d6a36db22c916ee11b0": 1781880601.035344,
  "c:834d81b8cd8a048e364da1aaf8bf148ea385bac5": 1781880601.0353098,
  "c:85ee259263f0402dd79e483a3731fb0d093c0637": 1781880601.0354085,
  "c:88c805093056bea3a82edf8e8bb1ff9b518f59cb": 1781880601.0354407,
  "c:92efa83c314313e6661a42bfb92fab5a1185b3c8": 1783425916.3407435,
  "c:95be44a2b4945220dc57eaa728f5a57359732853": 1781880601.034838,
  "c:96ddf45c9ac48dc184525c9c4a3fbf1f4d241fc2": 1783349969.7900558,
  "c:972bf2b0a34f95c19d349024faccb64be8dcb605": 1781880601.0355136,
  "c:98b3cea082fc92fc73f97200bd36917f2a8f076c": 1782388991.744091,
  "c:9950ab30ae8d24fd087dc6e76201ff1d281e544b": 1782388991.744145,
  "c:9ae8890545b785a6d0f72af2ce66044fe61b3b50": 1782388991.7441223,
  "c:9b39be8de69839aa8d9992be1d65e250816b54f1": 1782993885.6502204,
  "c:9c0b9e05fc30cf2e6f8c5f701004c6d12704978f": 1782907619.2663271,
  "c:9c2be9d97b1b9a668572b5bfa73939a42745366f": 1782820971.4847965,
  "c:9e95ec310d412c133595fd35919f145d00b1c088": 1783512225.2998881,
  "c:a57402774f5a1a9774caa1db5875f407b28eaa77": 1782907619.2661433,
  "c:a9455dd36284b6f01a2714b8bb06fa231e8392c1": 1782561765.047148,
  "c:a95b8ee166e7bbfa45913030697ec88d35c869c5": 1782907619.2663357,
  "c:aafb72ffd0c2b1afe349aae5b8263ab7b901973b": 1783425916.340715,
  "c:ac39685b4b8f94ca518b69346da7284428500437": 1782388991.7441595,
  "c:af74421921469dcaea1b6bec36d55ba775cc1da0": 1781880601.0351753,
  "c:af77ad8d9cf495077aa8b50284e741091de702d0": 1781880601.035471,
  "c:bafe7bb95d60955062ac12d6ece41880c861e0af": 1781880601.0353792,
  "c:bb50be4438af2b316816566000863b9eb3455abd": 1782907619.2661035,
  "c:c37f0b77961682605a80cec42e012258462e2d14": 1782993885.650337,
  "c:c81497d3bc2229dbc997aca65dc23142f11c7ccd": 1782475340.4422505,
  "c:d06c0f2fa5482827c6ebf815780a5b548276a12c": 1782302601.5687928,
  "c:d28c567d42a87c2f61c8244ebdbb7f425c038995": 1783253056.1495097,
  "c:d784f1f1fc5ccd07d3b4b93bd0bcf8206f110191": 1782907619.2662358,
  "c:da7e296328f67d032795b2fba10301a61e688432": 1781880601.035223,
  "c:e1f1ebabd405390760e720f03d48fd39a47fc531": 1783685057.4058454,
  "c:e25409cd73b29aad83f84dd5ebe83cb6a9851128": 1781880601.0351312,
  "c:e421cc1b209ebb1fa557378a065fbb2916e219be": 1781888243.9316924,
  "c:e56955a17b3067e0e994a3660eb66fdd72a0c686": 1783425916.3407578,
  "c:e85a550cce0a916ad937a9c93a4506b5521e6294": 1781880601.0355265,
  "c:e8a9c7ebf7ee1747f6488294ba82590650a9519f": 1782907619.2660744,
  "c:eacd70769c474c46332505ea0316f335562e8830": 1782302601.5688205,
  "c:ebb19b1f635119027e8859cdee18863f7eaccba3": 1783771440.6105266,
  "c:ef9e613a206d6210f2a12852dfab220d63b2a492": 1783080220.2890372,
  "c:f02c957538e0b452d72d041109f2c2dd307ba5b6": 1782993885.6503508,
  "c:f55ef5be3019d86293c331a61b2952f588660d9b": 1781880601.035033,
  "c:f582f57a5a1ce03bd08c529b772ecfe8c96c0c44": 1782993885.6502347,
  "c:f7970713a05cd321c58d9ede20d8dd4b8f1b2a23": 1782302601.5686944,
  "c:fb172323d5fcfa97c64131c8938a6027fe5b0ecc": 1781880601.0350852,
  "c:fc685c0d79328a773a6b07bed334cf413e0b6803": 1782302601.568809,
  "c:feb5d4be57f69b6454114dcdc546bd3e6e90eddb": 1781880601.0349672,
  "u:0177e56e5e2b10db8ca00a8eae1d286f0a5d64aa": 1781880601.0354304,
  "u:0727006db42a46ec0b7012a591ecb464194553a8": 1781880601.035074,
  "u:09f5b57e2775bde545955a16957139b285416a1a": 1783080220.289009,
  "u:0a59858b35f00bd28e5abf31f4e41fa60416a458": 1781880601.0350146,
  "u:0aff7bee6e6def77d6f10e9411adad2de33949a2": 1783425916.3407183,
  "u:0e4e8fe9e6ff28c3ed243d651d947617e31b840d": 1782993885.6503265,
  "u:0e657cb29d46fa809ce20a952a4e74694d58819a": 1781880601.0351186,
  "u:0f1b514e1496be501b3460af076c53f668fca015": 1782475340.4422584,
  "u:116b1705113498b65b8b2f7916540e751c8f1652": 1783166629.4101627,
  "u:153e62e8196a2e173b1e86100d1bdf7ac40f3da3": 1781880601.035337,
  "u:16dc68bbce69680d5f35888e1422dc3e01197a2a": 1781880601.0347936,
  "u:18483e2c7aa95104feb62f11a79682e5dd30e7f5": 1782907619.2663028,
  "u:1c34bbd880347b9abcd83c42c5444e4dbd78bd1a": 1782907619.2661607,
  "u:238092dd73a3763c8fed813a0f70d95a3a228a9c": 1783349969.7900176,
  "u:254f8854ed1e0aae6fdf8064c0df7fb2b8081d40": 1783425916.3407593,
  "u:2969dbe82a7b4a7e020ca655a083c3383d5a6f48": 1781880601.0355158,
  "u:2b098001bf3b9e0329567d8166a926cd80ab8264": 1781880601.0354636,
  "u:2c51850e099def3a480d773d15ec6b09201af5bd": 1782388991.7440426,
  "u:2cd4fbeb29276ba71369ef6661037e053be4f271": 1782907619.2658765,
  "u:30ca65f2938f42b7b4fc5f60f5f6ba17c7bd4348": 1782820971.4847803,
  "u:3139b9b9e176267d3ce01e7fcd3541ecb8f223f6": 1783685057.4057994,
  "u:3222a95d9ea2ad5a70054eda80d499425539e1e9": 1782907619.2660332,
  "u:35c79688ca0110689e5ce8a537a0f8035e1b8cc8": 1781880601.0353658,
  "u:365b7ffb5966a6e3cec11841348814d3a0dad96d": 1782907619.2659771,
  "u:388948195e52de59e1e6649a0d8b2f21baff5a81": 1782302601.568812,