{
  "c:08b189ec0443ee44b664cbe553ba72f3581f6435": 1781797798.003066,
  "c:6adb08c3bb12aaf6c6b4f1aad13d341a2a153096": 1781797798.0031025,
  "c:7e4dae2f6b55787e8d9acb3d3291c716c2d10c8a": 1781797798.0031729,
  "c:810fac8c98c09076b54d6c62d4e770210062ab0a": 1781797798.0031443,
  "c:85ee259263f0402dd79e483a3731fb0d093c0637": 1781797798.0030253,
  "c:95be44a2b4945220dc57eaa728f5a57359732853": 1781797798.0030038,
  "c:98b3cea082fc92fc73f97200bd36917f2a8f076c": 1781797798.0030448,
  "c:9c01256acb190c49fe6bbf65d3b55a6258b59f35": 1781797798.0031605,
  "c:b11d6f6593c392f972df92f6a131c0318102ad5a": 1781797798.0031166,
  "c:c8dd394bf8c18333a6fa64dd66baa3e9b3071761": 1781797798.0032027,
  "c:f9824c1757cc9e18c49496b6507d5a0f36cb22d3": 1781797798.0031884,
  "c:fef92b6645d8448c4f444c47e10662ff09c3f277": 1781797798.0030873,
  "c:ffc14331bea0321246286e0696a42bae1287eab5": 1781797798.0031314,
  "u:027dca084b110c019204f605f2549f948bfc21f1": 1781797798.0031197,
  "u:09d73f8dbf4d946e8845a9f9167a5cac74738a01": 1781797798.0031478,
  "u:0be7e9e9636c8a8c4d5f8c0e4cfc25db2d8cf583": 1781797798.003091,
  "u:16dc68bbce69680d5f35888e1422dc3e01197a2a": 1781797798.0029721,
  "u:2c51850e099def3a480d773d15ec6b09201af5bd": 1781797798.0030305,
  "u:448bc4edfd1a491950c6c3be3aab17b3823ec865": 1781797798.0031636,
  "u:4bf7b825f0839cc401dbe977a09b933761ae8903": 1781797798.0030074,
  "u:4ce0116ff34660089f1b7e7a88456b686fd933e1": 1781797798.0030696,
  "u:67f7ef43c96f0660be99f0fa86c62b090b4729eb": 1781797798.0031765,
  "u:6d44e1521387c1f02006f262818c57a1e784f646": 1781797798.0030494,
  "u:9541e7c3dd0598c391fd4c7d64b3817e40b280f1": 1781797798.0031343,
  "u:fcbb672adb90c382b6f1a49ada0623171c4876d4": 1781797798.0031059,
  "u:ffb94f0d68dd96a711c8deb991a540cccb775ac9": 1781797798.0031912
}