{
  "c:0385b144f14a5d5992e097771b888fca6ac43b64": 1781880601.0354824,
  "c:236737242a6ad86ba1d0c22edc03bb21615dc652": 1781880601.0355375,
  "c:5769f331a17f4e75ed6505efd837619181003743": 1781883498.763492,
  "c:5ee2b1063fe25f5e22c4c8de49e50722b5027ca8": 1781880601.0352683,
  "c:82a085fff0ff060441ca1d6a36db22c916ee11b0": 1781880601.035344,
  "c:834d81b8cd8a048e364da1aaf8bf148ea385bac5": 1781880601.0353098,
  "c:85ee259263f0402dd79e483a3731fb0d093c0637": 1781880601.0354085,
  "c:88c805093056bea3a82edf8e8bb1ff9b518f59cb": 1781880601.0354407,
  "c:95be44a2b4945220dc57eaa728f5a57359732853": 1781880601.034838,
  "c:972bf2b0a34f95c19d349024faccb64be8dcb605": 1781880601.0355136,
  "c:af74421921469dcaea1b6bec36d55ba775cc1da0": 1781880601.0351753,
  "c:af77ad8d9cf495077aa8b50284e741091de702d0": 1781880601.035471,
  "c:bafe7bb95d60955062ac12d6ece41880c861e0af": 1781880601.0353792,
  "c:da7e296328f67d032795b2fba10301a61e688432": 1781880601.035223,
  "c:e25409cd73b29aad83f84dd5ebe83cb6a9851128": 1781880601.0351312,
  "c:e421cc1b209ebb1fa557378a065fbb2916e219be": 1781888243.9316924,
  "c:e85a550cce0a916ad937a9c93a4506b5521e6294": 1781880601.0355265,
  "c:f55ef5be3019d86293c331a61b2952f588660d9b": 1781880601.035033,
  "c:fb172323d5fcfa97c64131c8938a6027fe5b0ecc": 1781880601.0350852,
  "c:feb5d4be57f69b6454114dcdc546bd3e6e90eddb": 1781880601.0349672,
  "u:0177e56e5e2b10db8ca00a8eae1d286f0a5d64aa": 1781880601.0354304,
  "u:0727006db42a46ec0b7012a591ecb464194553a8": 1781880601.035074,
  "u:0a59858b35f00bd28e5abf31f4e41fa60416a458": 1781880601.0350146,
  "u:0e657cb29d46fa809ce20a952a4e74694d58819a": 1781880601.0351186,
  "u:153e62e8196a2e173b1e86100d1bdf7ac40f3da3": 1781880601.035337,
  "u:16dc68bbce69680d5f35888e1422dc3e01197a2a": 1781880601.0347936,
  "u:2969dbe82a7b4a7e020ca655a083c3383d5a6f48": 1781880601.0355158,
  "u:2b098001bf3b9e0329567d8166a926cd80ab8264": 1781880601.0354636,
  "u:35c79688ca0110689e5ce8a537a0f8035e1b8cc8": 1781880601.0353658,
  "u:3cfb89e7222ec10b25332d3edb4b29180ee51920": 1781880601.0349488,
  "u:4bd6aa2a553cc6baaea3ef0f86f4ec5beab57a58": 1781880601.0353005,
  "u:4bf7b825f0839cc401dbe977a09b933761ae8903": 1781880601.0354023,
  "u:54a68dcbab5d11f621c52538ce1fc781a469003f": 1781880601.035212,
  "u:91f771d4f3665b5aab0b3cee247687393ac527e0": 1781883498.7634554,
  "u:a6e3654c570cd8ba96da851746bf7b768cae959c": 1781880601.0355291,
  "u:b2be3eb75f281e40289574035af9b10e596aee3a": 1781880601.0355072,
  "u:b2cfd1319db0fa7c9bc737ca58e2390de4a73eab": 1781880601.0351639,
  "u:bc7a6b2cbacf457d4b4326b6e50eae015d9de138": 1781888243.9316413,
  "u:c002835e19ca5c9a7c1c782f702a21e581c995c3": 1781880601.035473,
  "u:f6a2b1328c91ef9c4e49d70b50be83f487d3ac51": 1781880601.035255
}