{
  "c:0385b144f14a5d5992e097771b888fca6ac43b64": 1781880601.0354824,
  "c:0c999ea9643f90a27c60725395b529f83f879bcb": 1782302601.5687783,
  "c:236737242a6ad86ba1d0c22edc03bb21615dc652": 1781880601.0355375,
  "c:276df1129d2ad6cdfc157ceb66a098d3c7fb4397": 1782475340.44237,
  "c:42567ca3d96a0556a1ac29cd9237de7dc36ff06a": 1782302601.5687602,
  "c:43eba2ebc7e1d8c3ecc8f91ead0a52b9df456723": 1782129687.5994003,
  "c:51049153f1fd7faa6bb4387f04f17f44d53f08dc": 1782302601.5687344,
  "c:558188c214d7c97a78578f2c2480367c25bb86b2": 1782302601.5687132,
  "c:572acbd104f8d89f63ea8ba80bbfe9245936b7fa": 1782475340.4422767,
  "c:5769f331a17f4e75ed6505efd837619181003743": 1781883498.763492,
  "c:59752b11475fa270284b5de3af3a08fde9dda5a5": 1782129687.5992744,
  "c:5ee2b1063fe25f5e22c4c8de49e50722b5027ca8": 1781880601.0352683,
  "c:7223681f10dfe049712aa788a1b00f7bec7262f1": 1782216112.834127,
  "c:818eaac2f7b8e54be1db498626e559146f4befa4": 1782216112.8340018,
  "c:8200b811da25fc839dafd0a47df6ab7ce11fc910": 1782302601.5687468,
  "c:82a085fff0ff060441ca1d6a36db22c916ee11b0": 1781880601.035344,
  "c:834d81b8cd8a048e364da1aaf8bf148ea385bac5": 1781880601.0353098,
  "c:85ee259263f0402dd79e483a3731fb0d093c0637": 1781880601.0354085,
  "c:88c805093056bea3a82edf8e8bb1ff9b518f59cb": 1781880601.0354407,
  "c:95be44a2b4945220dc57eaa728f5a57359732853": 1781880601.034838,
  "c:972bf2b0a34f95c19d349024faccb64be8dcb605": 1781880601.0355136,
  "c:98b3cea082fc92fc73f97200bd36917f2a8f076c": 1782388991.744091,
  "c:9950ab30ae8d24fd087dc6e76201ff1d281e544b": 1782388991.744145,
  "c:9ae8890545b785a6d0f72af2ce66044fe61b3b50": 1782388991.7441223,
  "c:a9455dd36284b6f01a2714b8bb06fa231e8392c1": 1782561765.047148,
  "c:ac39685b4b8f94ca518b69346da7284428500437": 1782388991.7441595,
  "c:af74421921469dcaea1b6bec36d55ba775cc1da0": 1781880601.0351753,
  "c:af77ad8d9cf495077aa8b50284e741091de702d0": 1781880601.035471,
  "c:bafe7bb95d60955062ac12d6ece41880c861e0af": 1781880601.0353792,
  "c:c81497d3bc2229dbc997aca65dc23142f11c7ccd": 1782475340.4422505,
  "c:d06c0f2fa5482827c6ebf815780a5b548276a12c": 1782302601.5687928,
  "c:da7e296328f67d032795b2fba10301a61e688432": 1781880601.035223,
  "c:e25409cd73b29aad83f84dd5ebe83cb6a9851128": 1781880601.0351312,
  "c:e421cc1b209ebb1fa557378a065fbb2916e219be": 1781888243.9316924,
  "c:e85a550cce0a916ad937a9c93a4506b5521e6294": 1781880601.0355265,
  "c:eacd70769c474c46332505ea0316f335562e8830": 1782302601.5688205,
  "c:f55ef5be3019d86293c331a61b2952f588660d9b": 1781880601.035033,
  "c:f7970713a05cd321c58d9ede20d8dd4b8f1b2a23": 1782302601.5686944,
  "c:fb172323d5fcfa97c64131c8938a6027fe5b0ecc": 1781880601.0350852,
  "c:fc685c0d79328a773a6b07bed334cf413e0b6803": 1782302601.568809,
  "c:feb5d4be57f69b6454114dcdc546bd3e6e90eddb": 1781880601.0349672,
  "u:0177e56e5e2b10db8ca00a8eae1d286f0a5d64aa": 1781880601.0354304,
  "u:0727006db42a46ec0b7012a591ecb464194553a8": 1781880601.035074,
  "u:0a59858b35f00bd28e5abf31f4e41fa60416a458": 1781880601.0350146,
  "u:0e657cb29d46fa809ce20a952a4e74694d58819a": 1781880601.0351186,
  "u:0f1b514e1496be501b3460af076c53f668fca015": 1782475340.4422584,
  "u:153e62e8196a2e173b1e86100d1bdf7ac40f3da3": 1781880601.035337,
  "u:16dc68bbce69680d5f35888e1422dc3e01197a2a": 1781880601.0347936,
  "u:2969dbe82a7b4a7e020ca655a083c3383d5a6f48": 1781880601.0355158,
  "u:2b098001bf3b9e0329567d8166a926cd80ab8264": 1781880601.0354636,
  "u:2c51850e099def3a480d773d15ec6b09201af5bd": 1782388991.7440426,
  "u:35c79688ca0110689e5ce8a537a0f8035e1b8cc8": 1781880601.0353658,
  "u:388948195e52de59e1e6649a0d8b2f21baff5a81": 1782302601.568812,
  "u:396d0cd4355edc7107be6e94a54ef0cb8c8cb7f0": 1782302601.5687816,
  "u:3cfb89e7222ec10b25332d3edb4b29180ee51920": 1781880601.0349488,
  "u:4bd6aa2a553cc6baaea3ef0f86f4ec5beab57a58": 1781880601.0353005,
  "u:4bf7b825f0839cc401dbe977a09b933761ae8903": 1781880601.0354023,
  "u:5401ae8212f755d050bacdcb75713bfce7f2ef14": 1782388991.7440982,
  "u:54a68dcbab5d11f621c52538ce1fc781a469003f": 1781880601.035212,
  "u:55a3d0e8ce7cdb282d1e6cd9eb19faf8e742738b": 1782129687.5992246,
  "u:6b9f8152f80be2a93a34d8fd5365f0721d453e4a": 1782302601.56865,
  "u:70f9534b3dd98762bd1f667a38fb07c7891efadc": 1782388991.744149,
  "u:91f771d4f3665b5aab0b3cee247687393ac527e0": 1781883498.7634554,
  "u:a3fbacd1c5f227fc418d22eb516a49d49687f232": 1782302601.5687504,
  "u:a5f0ad2e999e215540c35862a063f485cef458d3": 1782302601.5687635,
  "u:a6e3654c570cd8ba96da851746bf7b768cae959c": 1781880601.0355291,
  "u:ae7e3ca044c8d498747347b2a8fd80af1e45263e": 1782302601.5687375,
  "u:b2be3eb75f281e40289574035af9b10e596aee3a": 1781880601.0355072,
  "u:b2cfd1319db0fa7c9bc737ca58e2390de4a73eab": 1781880601.0351639,
  "u:b50e5ec0d5ccbc5883cc7d5e49a88ce19a0ab2f6": 1782302601.5687964,
  "u:b66a33530175900a97e3ae113a907d82a4139d41": 1782302601.5687184,
  "u:bc7a6b2cbacf457d4b4326b6e50eae015d9de138": 1781888243.9316413,
  "u:bf5848a25882e7d7bfe964eb6530517955030ff3": 1782216112.8341095,
  "u:c002835e19ca5c9a7c1c782f702a21e581c995c3": 1781880601.035473,
  "u:ce54621912efb34bff2f95adbf9f70a2c4424571": 1782129687.599381,
  "u:ddbaf35db7ffff0c60a47ca5ba53b4ef96a1d42a": 1782302601.5687017,
  "u:e8048f55f739f90ec0602c04927ff9e8bc2ed3b6": 1782388991.7441285,
  "u:e8890c2d3ac7cc8da1b8b74b4c7fc7e4339e4163": 1782561765.047098,
  "u:ebdf6ea3cf319a0eac45d0cd4651e68a0b382a48": 1782475340.442344,
  "u:f2c61a4b942bcd5993746357688f43782e5138d4": 1782475340.4422042,
  "u:f6a2b1328c91ef9c4e49d70b50be83f487d3ac51": 1781880601.035255,
  "u:fda2bf66434d76c69112a3bfd67d7feb0c4cceaa": 1782216112.8339555
}