{
  "c:0385b144f14a5d5992e097771b888fca6ac43b64": 1781800593.0745976,
  "c:08b189ec0443ee44b664cbe553ba72f3581f6435": 1781800593.0746598,
  "c:5ee2b1063fe25f5e22c4c8de49e50722b5027ca8": 1781800593.0742698,
  "c:6adb08c3bb12aaf6c6b4f1aad13d341a2a153096": 1781800593.0746248,
  "c:7e4dae2f6b55787e8d9acb3d3291c716c2d10c8a": 1781800593.0748272,
  "c:810fac8c98c09076b54d6c62d4e770210062ab0a": 1781800593.0747945,
  "c:82a085fff0ff060441ca1d6a36db22c916ee11b0": 1781800593.0744293,
  "c:834d81b8cd8a048e364da1aaf8bf148ea385bac5": 1781800593.0743017,
  "c:85ee259263f0402dd79e483a3731fb0d093c0637": 1781800593.0744553,
  "c:88c805093056bea3a82edf8e8bb1ff9b518f59cb": 1781800593.0744991,
  "c:95be44a2b4945220dc57eaa728f5a57359732853": 1781800593.0741758,
  "c:9c01256acb190c49fe6bbf65d3b55a6258b59f35": 1781800593.0749168,
  "c:af74421921469dcaea1b6bec36d55ba775cc1da0": 1781800593.074227,
  "c:af77ad8d9cf495077aa8b50284e741091de702d0": 1781800593.0745306,
  "c:bafe7bb95d60955062ac12d6ece41880c861e0af": 1781800593.0743952,
  "c:bb24a35481598603410d8393e72534ab8d7b242c": 1781800593.0747614,
  "c:c8dd394bf8c18333a6fa64dd66baa3e9b3071761": 1781800593.0748792,
  "c:d5326e006734f465f91a7eaf6c1cdc2d77b82306": 1781800593.0747318,
  "c:e421cc1b209ebb1fa557378a065fbb2916e219be": 1781800593.0743346,
  "c:e53943e8e1cedd30b4a5df092caca2ae932eae7d": 1781800593.074897,
  "c:f55ef5be3019d86293c331a61b2952f588660d9b": 1781800593.0749612,
  "c:f9824c1757cc9e18c49496b6507d5a0f36cb22d3": 1781800593.0748124,
  "c:fb172323d5fcfa97c64131c8938a6027fe5b0ecc": 1781800593.074561,
  "c:feb5d4be57f69b6454114dcdc546bd3e6e90eddb": 1781800593.074937,
  "c:fef92b6645d8448c4f444c47e10662ff09c3f277": 1781800593.0746968,
  "c:ffc14331bea0321246286e0696a42bae1287eab5": 1781800593.0747795,
  "u:0177e56e5e2b10db8ca00a8eae1d286f0a5d64aa": 1781800593.0744607,
  "u:027dca084b110c019204f605f2549f948bfc21f1": 1781800593.0747643,
  "u:0727006db42a46ec0b7012a591ecb464194553a8": 1781800593.0745354,
  "u:09d73f8dbf4d946e8845a9f9167a5cac74738a01": 1781800593.0748997,
  "u:0a59858b35f00bd28e5abf31f4e41fa60416a458": 1781800593.0749407,
  "u:0be7e9e9636c8a8c4d5f8c0e4cfc25db2d8cf583": 1781800593.074602,
  "u:153e62e8196a2e173b1e86100d1bdf7ac40f3da3": 1781800593.074402,
  "u:16dc68bbce69680d5f35888e1422dc3e01197a2a": 1781800593.0741422,
  "u:2b098001bf3b9e0329567d8166a926cd80ab8264": 1781800593.0745049,
  "u:35710aa98252967d0a7d9390bf9092f512fe673b": 1781800593.074882,
  "u:35c79688ca0110689e5ce8a537a0f8035e1b8cc8": 1781800593.07434,
  "u:3cfb89e7222ec10b25332d3edb4b29180ee51920": 1781800593.0749195,
  "u:448bc4edfd1a491950c6c3be3aab17b3823ec865": 1781800593.0748153,
  "u:4bd6aa2a553cc6baaea3ef0f86f4ec5beab57a58": 1781800593.0742757,
  "u:4bf7b825f0839cc401dbe977a09b933761ae8903": 1781800593.0744345,
  "u:4ce0116ff34660089f1b7e7a88456b686fd933e1": 1781800593.074664,
  "u:67f7ef43c96f0660be99f0fa86c62b090b4729eb": 1781800593.0747974,
  "u:6d44e1521387c1f02006f262818c57a1e784f646": 1781800593.0746293,
  "u:7f88962f923f7ef6454cb7352c3ee0cdfd5e8239": 1781800593.0747373,
  "u:9541e7c3dd0598c391fd4c7d64b3817e40b280f1": 1781800593.0747817,
  "u:b2cfd1319db0fa7c9bc737ca58e2390de4a73eab": 1781800593.0741844,
  "u:bc7a6b2cbacf457d4b4326b6e50eae015d9de138": 1781800593.0743074,
  "u:c002835e19ca5c9a7c1c782f702a21e581c995c3": 1781800593.0745668,
  "u:f02032ed63626609686cf2bc2dabbd46e1ed07a4": 1781800593.0747013,
  "u:f6a2b1328c91ef9c4e49d70b50be83f487d3ac51": 1781800593.074234,
  "u:ffb94f0d68dd96a711c8deb991a540cccb775ac9": 1781800593.0748622
}