{
  "c:03e40fce9c32435aad75d38421d8eeeec48c20a2": 1781788843.8168604,
  "c:3b025ca101bf713f43cb6f4db1c663ac2fe06f36": 1781788843.816885,
  "c:4ae5a1879368baea1a42f344c3f1b41e52782caf": 1781788843.816899,
  "c:50bc2492faf738a4d683fbe2592f0aed18ff8346": 1781788843.8168921,
  "c:80ce79f6e01b5ae0c36c10892f3577b3c50d2898": 1781788843.816872,
  "c:98391ec83538964b8a25264b155aca8d07924e3c": 1781788843.8168776,
  "u:16dc68bbce69680d5f35888e1422dc3e01197a2a": 1781788843.8168378,
  "u:6555a541dd48a23006cd2a02e2114c433d2e8432": 1781788843.8168638,
  "u:9541e7c3dd0598c391fd4c7d64b3817e40b280f1": 1781788843.816887,
  "u:f454e650e5d71329a3d97b4094ac359df2a487d3": 1781788843.81688,
  "u:ffb94f0d68dd96a711c8deb991a540cccb775ac9": 1781788843.8168936
}